模块解释,核心内容/示例信号,,,,,,,,,,,,,,,,,,
介绍产品方案、核心卖点、成分配方或权威认证,母乳低聚糖 HMO、活性蛋白、A2奶源、OPN、自愈力、权威背书、品牌故事、养娃科普,,,,,,,,,,,,,,,,,,
,,,,,,,,,,,,,,,,,,,
产品介绍场景,场景解释/内容信号,,,,,,,,,,,,,,,,,,
成分配方亮点,展示“母乳低聚糖HMO、A2奶源、DHA、OPN”等核心成分、配方配比，包装标签特写,,,,,,,,,,,,,,,,,,
专业认证权威,权威检测报告、品牌logo、获奖/专利证书、白大褂专家讲解、产品测评数据,,,,,,,,,,,,,,,,,,
产品功能演示,奶粉冲调流程演示、操作规范、保存方法、易溶易泡、溶解度对比、产品使用小技巧,,,,,,,,,,,,,,,,,,
科学原理讲解,动画/图解/字幕解说配方原理、营养吸收原理、婴儿肠胃健康动画、育儿知识普及,,,,,,,,,,,,,,,,,,
品牌故事/背书,品牌发展史、母公司介绍、社会责任、企业文化、名人/达人用品牌经历、妈妈用户推荐,,,,,,,,,,,,,,,,,,
养娃科普引入,“为什么要选母乳低聚糖？”、“A2奶源对宝宝的好处”，配方成分对比讲解,,,,,,,,,,,,,,,,,,
,,,,,,,,,,,,,,,,,,,
,,,,,,,,,,,,,,,,,,,
,母乳低聚糖、HMO、活性蛋白、A2奶源、OPN、自愈力、水奶,,,,,,,,,,,,,,,,,,